<?xml version="1.0" encoding="UTF-8"?>
<!DOCTYPE mapper PUBLIC "-//mybatis.org//DTD Mapper 3.0//EN" "http://mybatis.org/dtd/mybatis-3-mapper.dtd">
<mapper namespace="BpmModelMapper">
	
	<!--表名 -->
	<sql id="tableName">
		"BPMMODEL"
	</sql>
	
	<!-- 字段 -->
	<sql id="Field">
		"ID_",	
		"REV_",	
		"NAME_",	
		"KEY_",	
		"CATEGORY_",	
		"CREATE_TIME_",	
		"LAST_UPDATE_TIME_",	
		"VERSION_",	
		"META_INFO_",	
		"DEPLOYMENT_ID_",	
		"EDITOR_SOURCE_VALUE_ID_",	
		"EDITOR_SOURCE_EXTRA_VALUE_ID_",	
		"TENANT_ID_",	
		"BPMMODEL_ID"
	</sql>
	
	<!-- 字段值 -->
	<sql id="FieldValue">
			#{ID_},	
			#{REV_},	
			#{NAME_},	
			#{KEY_},	
			#{CATEGORY_},	
			#{CREATE_TIME_},	
			#{LAST_UPDATE_TIME_},	
			#{VERSION_},	
			#{META_INFO_},	
			#{DEPLOYMENT_ID_},	
			#{EDITOR_SOURCE_VALUE_ID_},	
			#{EDITOR_SOURCE_EXTRA_VALUE_ID_},	
			#{TENANT_ID_},	
			#{BPMMODEL_ID}
	</sql>
	
	<!-- 新增-->
	<insert id="save" parameterType="pd">
		insert into
		<include refid="tableName"></include>
		(
		<include refid="Field"></include>
		) values (
		<include refid="FieldValue"></include>
		)
	</insert>
	
	<!-- 删除-->
	<delete id="delete" parameterType="pd">
		delete from
		<include refid="tableName"></include>
		where 
			"BPMMODEL_ID" = #{BPMMODEL_ID}
	</delete>
	
	<!-- 修改 -->
	<update id="edit" parameterType="pd">
		update
		<include refid="tableName"></include>
			set 
				"ID_" = #{ID_},	
				"REV_" = #{REV_},	
				"NAME_" = #{NAME_},	
				"KEY_" = #{KEY_},	
				"CATEGORY_" = #{CATEGORY_},	
				"CREATE_TIME_" = #{CREATE_TIME_},	
				"LAST_UPDATE_TIME_" = #{LAST_UPDATE_TIME_},	
				"VERSION_" = #{VERSION_},	
				"META_INFO_" = #{META_INFO_},	
				"DEPLOYMENT_ID_" = #{DEPLOYMENT_ID_},	
				"EDITOR_SOURCE_VALUE_ID_" = #{EDITOR_SOURCE_VALUE_ID_},	
				"EDITOR_SOURCE_EXTRA_VALUE_ID_" = #{EDITOR_SOURCE_EXTRA_VALUE_ID_},	
				"TENANT_ID_" = #{TENANT_ID_},	
			"BPMMODEL_ID" = "BPMMODEL_ID"
			where 
				"BPMMODEL_ID" = #{BPMMODEL_ID}
	</update>
	
	<!-- 通过ID获取数据 -->
	<select id="findById" parameterType="pd" resultType="pd">
		select 
		<include refid="Field"></include>
		from 
		<include refid="tableName"></include>
		where 
			"BPMMODEL_ID" = #{BPMMODEL_ID}
	</select>
	
	<!-- 列表 -->
	<select id="datalistPage" parameterType="page" resultType="pd">
		select
		<include refid="Field"></include>
		from 
		<include refid="tableName"></include>
		where 1=1
		<if test="pd.keywords!= null and pd.keywords != ''"><!-- 关键词检索 -->
			and
				(
				<!--	根据需求自己加检索条件
					字段1 LIKE CONCAT(CONCAT('%', #{pd.keywords}),'%')
					 or 
					字段2 LIKE CONCAT(CONCAT('%', #{pd.keywords}),'%') 
				-->
				)
		</if>
	</select>
	
	<!-- 列表(全部) -->
	<select id="listAll" parameterType="pd" resultType="pd">
		select
		<include refid="Field"></include>
		from 
		<include refid="tableName"></include>
	</select>
	
	<!-- 批量删除 -->
	<delete id="deleteAll" parameterType="String">
		delete from
		<include refid="tableName"></include>
		where 
			"BPMMODEL_ID" in
		<foreach item="item" index="index" collection="array" open="(" separator="," close=")">
                 #{item}
		</foreach>
	</delete>
	
	<!-- GeneWisdom Auto Create -->
</mapper>